package,capability,status,evidence_tier,reference,gate,last_verified,recommended_use
LibeRtAD,Scalar and vector automatic differentiation,implemented,verified,Analytic and finite-difference derivative fixtures,LibeRtAD test-engine and test-properties,2026-07-23,Research and teaching
LibeRtAD,Sparse Jacobian and Hessian execution,implemented,verified,Dense derivative path and finite differences,LibeRtAD sparse derivative tests,2026-07-23,Research and teaching
LibeRtAD,Persistent portable CppAD graph cache,implemented,verified,Round-trip and provenance rejection fixtures,LibeRtAD cache tests,2026-07-23,Research and teaching
LibeRtAD,CppAD and Eigen bundled provenance,implemented,verified,Installed header and engine provenance checks,LibeRtAD installed-header tests,2026-07-23,Research and teaching
LibeRation,ADVAN1-13 predictions,implemented,validated,NONMEM 7.3 generated fixtures including ADVAN9 equilibrium DAE,NONMEM prediction gate,2026-07-24,Research and teaching
LibeRation,ADVAN14 predictions,implemented,verified,Internal stiff-system and cross-ADVAN fixtures plus independent SciML Rodas5P trajectory agreement; external NONMEM 7.3 lacks ADVAN14,LibeRation ADVAN and external-comparator gates,2026-07-24,Research and teaching
LibeRation,Bolus and intermittent-infusion steady state,implemented,validated,NONMEM 7.3 and analytic accumulation fixtures,NONMEM steady-state gate,2026-07-23,Research and teaching
LibeRation,Modelled infusion rate and duration,implemented,validated,NONMEM 7.3 generated fixtures,NONMEM infusion gate,2026-07-23,Research and teaching
LibeRation,FOCEI estimation and covariance,implemented,validated,NONMEM 7.3 compact population fixture,NONMEM FOCEI gate,2026-07-23,Research and teaching
LibeRation,FO/FOCE/Laplace/ITS/GQ estimation,implemented,validated,Matched NONMEM 7.3 controls plus nlmixr2 FO and FOCE parameters and modes plus independent adaptive marginal integration,Estimation-method and external-comparator gates,2026-07-24,Research and teaching
LibeRation,IMP/SAEM/BAYES estimation,implemented,validated,Matched high-sample NONMEM 7.3 controls plus independent marginal and posterior references,Estimation-method validation gate,2026-07-24,Research and teaching
LibeRation,HMC/NUTS and NPML/NPAG estimation,implemented,validated,Independent normalized posterior and fixed/adaptive support EM references,Estimation-method validation gate,2026-07-24,Research and teaching
LibeRation,Full OMEGA IOV BLQ mixtures priors and time-varying covariates,implemented,validated,Independent nlmixr2 advanced population fixtures plus analytic mixture and prior gates,External-comparator population gate,2026-07-25,Research and teaching
LibeRation,Correlated residual endpoints and AR1 residuals,implemented,verified,Unit derivative likelihood and simulation fixtures,LibeRation model and likelihood tests,2026-07-25,Research and teaching
LibeRation,Bernoulli categorical Poisson negative-binomial TTE recurrent competing-risk and observed Markov likelihoods,implemented,validated,Independent normalized likelihoods plus NONMEM 7.3 Bernoulli TTE and observed-Markov fixtures,Non-PK likelihood validation gate,2026-07-24,Research and teaching
LibeRation,Ordinal binomial zero-inflated and hurdle likelihoods,implemented,verified,Normalized likelihood and predictive simulation fixtures plus external glmmTMB agreement for binomial and zero-inflated Poisson,Outcome-family and external-comparator gates,2026-07-24,Research and teaching
LibeRation,HMM and CT-HMM likelihood filtering smoothing and Viterbi,implemented,validated,Exact state-path enumeration analytic two-state continuous-time reference and independent hmmTMB agreement,Non-PK latent-state and external-comparator gates,2026-07-24,Research and teaching
LibeRation,HSMM and factorial HMM inference,implemented,verified,Exact expanded-state and chain-marginal unit fixtures,LibeRation HMM tests,2026-07-24,Research and teaching
LibeRation,Linear Gaussian state-space inference,implemented,validated,Independent closed-form Kalman reference plus KFAS objective filtered-state and uncertainty agreement,Non-PK and external-comparator state-space gates,2026-07-24,Research and teaching
LibeRation,ARMA EKF UKF particle and switching state-space inference,implemented,verified,Linear-limit finite-difference and seeded reproducibility fixtures,LibeRation state-space tests,2026-07-24,Research and teaching
LibeRation,Additive-noise continuous-discrete SDE filtering and fixed-step simulation,experimental,validated,Exact Ornstein-Uhlenbeck transition independent Kalman recursion seeded moments and metamorphic identity,Experimental numerical-family validation gate,2026-07-24,Experimental research only
LibeRation,Named multiplicative and nonlinear fixed-step SDE simulation edges,experimental,validated,Exact geometric-Brownian Euler and Milstein moments plus independent logistic Monte Carlo,Experimental edge-family validation gate,2026-07-24,Experimental research only
LibeRation,Seeded particle SDE likelihood and fixed-ancestry gradient,experimental,validated,Discrete Kalman limit plus replicated independent pomp and bssm particle filters and fixed-path finite differences,Experimental edge-family and external-comparator gates,2026-07-24,Experimental research only
LibeRation,Smooth-history DDE method of steps and delay sensitivity,experimental,validated,Closed-form two-interval solution convergence law and analytic delay derivative,Experimental numerical-family validation gate,2026-07-24,Experimental research only
LibeRation,Parameterized DDE delays crossing bolus discontinuities and stiff smooth histories,experimental,validated,Closed-form repeated-event superposition and high-rate method-of-steps solution,Experimental edge-family validation gate,2026-07-24,Experimental research only
LibeRation,Canonical nonlinear index-1 DAE,experimental,validated,Analytic reduced-system prediction and implicit sensitivity,Experimental numerical-family validation gate,2026-07-24,Experimental research only
LibeRation,Larger block-sparse and coupled stiff index-1 DAE fixtures,experimental,validated,Six analytic nonlinear blocks and closed-form coupled triangular reduction,Experimental edge-family validation gate,2026-07-24,Experimental research only
LibeRation,Canonical QSP reaction networks,experimental,validated,Closed-form species amounts sensitivities and conservation plus external deSolve SciML and nonlinear COPASI trajectory agreement,Experimental-family and external-comparator gates,2026-07-24,Experimental research only
LibeRation,Larger and stiff QSP fixtures with compact recovery,experimental,validated,Ten-species Erlang chain stiff reversible reaction conservation sensitivities and closed-form recovery,Experimental edge-family validation gate,2026-07-24,Experimental research only
LibeRation,Immutable offline hybrid components and learned dynamics,experimental,validated,Independent dense spline Gaussian-process likelihood gradient and learned-ODE calculations,Experimental numerical-family validation gate,2026-07-24,Experimental research only
LibeRation,Hybrid numerical and immutable-payload edges,experimental,validated,Extreme stable softplus ReLU spline boundaries anisotropic GP gradients and hash rejection,Experimental edge-family validation gate,2026-07-24,Experimental research only
LibeRation,General nonlinear or large SDE DDE DAE QSP and hybrid systems,experimental,verified,Canonical low-dimensional coverage only,LibeRation experimental-family tests,2026-07-24,Experimental research only
LibeRation,Local and remote graphical workflow,implemented,verified,Browser and queue integration fixtures,Ecosystem integration and browser CI,2026-07-23,Research and teaching
LibeRties,Typed job and result wire contracts,implemented,verified,Round-trip malformed-input and fuzz fixtures,LibeRties wire and contract tests,2026-07-23,Research and teaching
LibeRties,Durable local queue cancellation and restart recovery,implemented,verified,Subprocess cancellation checksum and recovery fixtures,LibeRties local-worker tests,2026-07-23,Research and teaching
LibeRties,Remote authentication quotas and audit trail,implemented,verified,API security and persistence fixtures,LibeRties server and security tests,2026-07-23,Research deployments with external TLS and OS isolation
LibeRties,Disposable API load and passive security scanning,implemented,verified,Authenticated k6 contract plus pinned OWASP ZAP baseline harness,Deployment-validation workflow,2026-07-24,Pre-production verification only
LibeRties,Hostile-code isolation,external-control,experimental,Deployment-specific container or OS account sandbox,Strict server preflight plus independent penetration testing,2026-07-23,Not supplied by the built-in R subprocess
LibeRality,Matched population-FO Fisher information,implemented,validated,PopED 0.7.0 and PFIM 7.0.3,Hosted external-validation gate,2026-07-23,Research and teaching
LibeRality,D-optimal candidate ranking,implemented,validated,PopED 0.7.0 and PFIM 7.0.3,Hosted external-validation gate,2026-07-23,Research and teaching
LibeRality,Advanced criteria constraints and trial simulation,implemented,verified,Analytic and deterministic simulation fixtures,LibeRality criteria and simulation tests,2026-07-23,Research and teaching
LibeRator,Longitudinal patient evidence and parameter updating,implemented,validated,Deterministic longitudinal virtual patient plus matched mapbayr and posologyr MAP ETA comparisons,LibeRator analytic and external-comparator gates,2026-07-24,Research and teaching only
LibeRator,Endpoint-aware regimen optimisation and prediction,implemented,verified,Analytic virtual-patient and constraint fixtures,LibeRator analytic validation gate,2026-07-23,Research and teaching only
LibeRator,Autonomous clinical recommendation,not-qualified,experimental,None,Separate clinical validation and quality system required,2026-07-23,Do not use
LibeRary,Synthetic catalogue search and LibeRation import,implemented,verified,Packaged synthetic catalogue fixtures,LibeRary catalogue tests,2026-07-23,Research and teaching
LibeRary,Deliberative text/vision literature extraction,experimental,experimental,AED reference-corpus development benchmark,LibeRary reference release gate,2026-07-23,Human-reviewed research workflow
LibeRary,Machine-qualified gold-standard evidence,not-qualified,experimental,None,Independent human curation required,2026-07-23,Do not claim
